pmrocksdb,pmemkv,fastfair,neopmkv,utree,listdb
91.8467,139.244,121.193,188.473,7.25335,83.6036
166.589,291.348,329.777,279.06,9.94684,149.972
199.042,308.441,355.936,319.496,0,173.963
382.998,477.913,468.96,431.843,17.0045,352.726
180.267,358.684,399.193,360.47,1071.62,160.852
121.571,205.79,178.151,239.205,1486.76,118.373
